status,username,password
used,dunscomb_navorro_784323@outlook.com,vUtPboaU%E
error,duncomb_nicols_66617@outlook.com,H5*YewB2MD
error,cendana_kracker_239064@outlook.com,IkVol^1%#2
error,gearty_amarjit_85553@outlook.com,_gT1M%RNYG
none,wichern_stephannie_363731@outlook.com,4bmDt+js_z
none,ouelette_morsette_263738@outlook.com,^BytOgMa%S
none,delangel_porciuncula_817242@outlook.com,7gnqyi=LNO
none,mahony_pension_20361@outlook.com,oS9a@OUG6Q
none,tumamao_tranquillo_491009@outlook.com,9wXLIhN-HH
